p_bias,max_step_size,time,success,cost
0.05,0.5,8.08887444998254,True,2.243681169189942
0.05,1,0.09446004399796948,True,1.9811218161234108
0.05,2,2.3592648899939377,True,1.688994243386877
0.2,0.5,12.956188224983634,False,inf
0.2,1,0.3463208070024848,True,1.663916797512651
0.2,2,8.516785771993455,True,1.7278005558651675
0.05,0.5,12.686491697997553,False,inf
0.05,0.5,0.047134863008977845,True,1.3089739700985215
0.05,0.5,0.18868248499347828,True,1.668618258265564
0.05,0.5,0.1542097899946384,True,1.5812793808383063
0.05,0.5,0.12815707598929293,True,1.3883092993334885
0.05,0.5,0.7968688829860184,True,1.590235390956087
0.05,0.5,0.21465620800154284,True,3.4887408623598155
0.05,0.5,11.076793418003945,True,2.847350857926391
0.05,0.5,14.861141125991708,False,inf
0.05,0.5,13.165034648001892,False,inf
0.05,1,15.720621312008006,True,1.513005361270566
0.05,1,16.708838469989132,False,inf
0.05,1,0.02647113599232398,True,1.328412387885569
0.05,1,0.45672585800639354,True,3.907897209729584
0.05,1,0.06151415902422741,True,1.303211264593796
0.05,1,3.9405622360063717,True,1.1302410046105158
0.05,1,0.10096831500413828,True,1.304271292792907
0.05,1,1.6725174309976865,True,1.6843727904290162
0.05,1,4.354076312010875,True,2.479433241009642
0.05,1,0.22169332299381495,True,1.3923354620215633
0.05,2,0.614291055011563,True,3.655394129164982
0.05,2,14.438916458981112,False,inf
0.05,2,14.059430045977933,False,inf
0.05,2,3.8447640250087716,True,1.9859402822853243
0.05,2,0.4659997929993551,True,3.2406363796986337
0.05,2,0.16048835299443454,True,2.792534237534837
0.05,2,12.292938948987285,True,2.2026569755079377
0.05,2,6.305072449991712,True,1.3987376290394486
0.05,2,13.937105244986014,False,inf
0.05,2,7.787727140006609,True,1.5878279658928776
0.2,0.5,10.666225755005144,False,inf
0.2,0.5,0.04444330098340288,True,1.611108189288618
0.2,0.5,0.03461922300630249,True,1.8073249485580223
0.2,0.5,0.04430515400599688,True,1.8152418513909263
0.2,0.5,0.0299752360151615,True,1.46075660385891
0.2,0.5,0.06103266999707557,True,2.3652015655714673
0.2,0.5,0.05312896001851186,True,1.7044406423234335
0.2,0.5,10.434408453991637,False,inf
0.2,0.5,7.0135427140048705,True,1.2494015328941983
0.2,0.5,11.901893169997493,False,inf
0.2,1,8.268820780998794,True,2.3807723663842206
0.2,1,0.053208159981295466,True,1.3772922427456609
0.2,1,0.07211054800427519,True,1.9424821214723191
0.2,1,0.04636380998999812,True,2.060167852266717
0.2,1,8.01096864498686,True,1.6819938390987847
0.2,1,0.09834324399707839,True,1.7979595962852337
0.2,1,0.4299592910101637,True,4.648186355715001
0.2,1,0.06081727801938541,True,1.7500590505078182
0.2,1,7.4821428550058044,True,1.4793713244339686
0.2,1,0.16302961501060054,True,2.087398277008956
0.2,2,0.6650885569979437,True,2.280187902490151
0.2,2,11.683168681018287,False,inf
0.2,2,4.8475614140043035,True,1.962469718207604
0.2,2,12.020297754992498,False,inf
0.2,2,4.6265145459910855,True,3.2283053702809976
0.2,2,1.3984163350251038,True,2.463819025920092
0.2,2,0.5264975449827034,True,4.571846412337351
0.2,2,13.27140864499961,False,inf
0.2,2,0.4537874760280829,True,1.9841900156554335
0.2,2,3.597671079012798,True,2.1478876721227778
0.05,0.5,0.1923620270099491,True,1.6073896814283437
0.05,0.5,16.8801307810063,False,inf
0.05,0.5,0.11955795201356523,True,1.7679225446629452
0.05,0.5,4.295049916021526,True,3.9732895738253555
0.05,0.5,12.601281912997365,False,inf
0.05,1,0.13991856400389224,True,1.3663962680526178
0.05,1,0.2883322580019012,True,2.1740779971369455
0.05,1,11.784972582012415,True,2.338645876804779
0.05,1,0.04677440898376517,True,1.5124844587455464
0.05,1,0.08602916798554361,True,1.3113394291971414
0.05,2,0.21363379500689916,True,3.7290803345376937
0.05,2,7.2222599999804515,True,2.457373378289954
0.05,2,1.2679243799939286,True,2.876606763274085
0.05,2,11.103938735992415,True,2.205700453661364
0.05,2,0.39917067799251527,True,2.761847057338941
0.2,0.5,0.17417942901374772,True,1.6803968462194636
0.2,0.5,0.056679643981624395,True,1.6356863110378295
0.2,0.5,0.027476857998408377,True,1.149759367420477
0.2,0.5,11.453595953003969,False,inf
0.2,0.5,7.133105066022836,True,1.1875631171633676
0.2,1,13.67561575002037,False,inf
0.2,1,0.044312137993983924,True,1.602960925509741
0.2,1,0.030487386015010998,True,1.3086297572648449
0.2,1,0.12098404997959733,True,2.722513604866429
0.2,1,8.65323208400514,True,1.3845971280666198
0.2,2,1.5931985179777257,True,2.099525082400048
0.2,2,0.0442295849788934,True,2.2839240304265376
0.2,2,13.137152149982285,False,inf
0.2,2,0.07234130401047878,True,1.4116706557656606
0.2,2,11.996995686989976,False,inf
0.05,0.5,0.6958812210068572,True,2.0661617283856994
0.05,0.5,0.10069732900592498,True,1.3752621796181324
0.05,0.5,14.433099619986024,False,inf
0.05,0.5,0.232539115997497,True,1.6356718573662699
0.05,0.5,13.380981670983601,False,inf
0.05,1,0.06591593500343151,True,1.4125075344762046
0.05,1,6.4621398849994875,True,1.466169330539057
0.05,1,0.05933740199543536,True,1.4481500883571699
0.05,1,0.042751246015541255,True,1.3429113010927018
0.05,1,0.19191427101031877,True,3.018697357420103
0.05,2,14.372095166007057,False,inf
0.05,2,0.5156261899974197,True,4.53702448397783
0.05,2,4.037220897007501,True,1.5876247701752646
0.05,2,0.059258480003336444,True,1.4393175649105965
0.05,2,0.23987703799502924,True,3.3434764082331103
0.2,0.5,0.22566347601241432,True,1.7094314024624433
0.2,0.5,0.04669758299132809,True,1.8867398761368097
0.2,0.5,0.6347822719835676,True,1.8134059254112345
0.2,0.5,0.057820997026283294,True,2.3376909798116094
0.2,0.5,2.3899161239969544,True,1.6858808236120015
0.2,1,12.958566824992886,False,inf
0.2,1,0.05474342100205831,True,1.4542829573222982
0.2,1,1.895017146016471,True,1.3573280777588215
0.2,1,0.04317092397832312,True,1.318338837280795
0.2,1,7.265465427015442,True,1.5511981680588307
0.2,2,2.3973837430239655,True,1.7710042364778613
0.2,2,0.3295041729870718,True,4.061301696168106
0.2,2,0.5039872039924376,True,3.100329593831372
0.2,2,11.753554975002771,False,inf
0.2,2,0.22750506299780682,True,1.8695542640327094
0.05,0.5,0.10697917500510812,True,1.7207956886436528
0.05,0.5,0.20588653002050705,True,1.8071859756128614
0.05,0.5,13.339225250994787,False,inf
0.05,0.5,0.1646910090057645,True,1.6637225805882618
0.05,0.5,1.949455988011323,True,2.2482415354547802
0.05,1,0.13437480700667948,True,1.3560143860504632
0.05,1,0.17307620801148005,True,2.552838429489965
0.05,1,0.10511286402470432,True,1.4384093741310595
0.05,1,0.3006535279855598,True,1.742806744003319
0.05,1,0.25880610500462353,True,3.872369412866406
0.05,2,10.7857697380241,True,2.534590112767446
0.05,2,13.30867158601177,False,inf
0.05,2,0.8343551800062414,True,2.5635757170494973
0.05,2,6.575002737023169,True,1.5706286307113113
0.05,2,15.554936384985922,False,inf
0.2,0.5,0.025386284018168226,True,1.3440000004606596
0.2,0.5,0.042080975021235645,True,1.2298162388690816
0.2,0.5,0.0981333699892275,True,2.102306234842143
0.2,0.5,0.05203244500444271,True,1.3903439441304826
0.2,0.5,4.87261161999777,True,2.5406456491338973
0.2,1,0.055652620998444036,True,1.501404897961848
0.2,1,0.37284669899963774,True,1.228892996714112
0.2,1,0.07320559598156251,True,1.4238630170750137
0.2,1,0.06867049299762584,True,1.4911077680379163
0.2,1,0.2018482809944544,True,1.7435458930059182
0.2,2,0.48919737699907273,True,5.2922682765324325
0.2,2,2.422733989020344,True,4.166573803691055
0.2,2,1.6202167950104922,True,4.7254000985166185
0.2,2,1.3624622269999236,True,5.345890036134311
0.2,2,0.08091095497366041,True,2.0768393781170174
0.05,0.5,0.30605215500690974,True,2.171033263013037
0.05,0.5,13.826315714017255,False,inf
0.05,0.5,14.412271834997227,False,inf
0.05,0.5,13.40065357502317,False,inf
0.05,0.5,14.202856969990535,False,inf
0.05,1,0.24442743699182756,True,1.8569962496027572
0.05,1,0.040749372012214735,True,2.236536293477761
0.05,1,0.059722858015447855,True,1.5699247901161706
0.05,1,0.17602360001183115,True,1.826937713611824
0.05,1,0.08023935797973536,True,1.3238160458044739
0.05,2,2.8866088470094837,True,3.0122978561118368
0.05,2,4.939838064019568,True,1.6447003810729999
0.05,2,0.09972401498816907,True,3.123018369375755
0.05,2,0.09917024002061225,True,2.062255985170141
0.05,2,3.565759339981014,True,2.2229824706472647
0.2,0.5,11.674343756982125,False,inf
0.2,0.5,0.4034109089989215,True,1.2272279525873306
0.2,0.5,0.02938248898135498,True,1.4596348740067282
0.2,0.5,12.761485451017506,False,inf
0.2,0.5,0.2030909050081391,True,1.8449725735313938
0.2,1,0.2854348739783745,True,2.6931763439718943
0.2,1,0.026299255987396464,True,1.488314635228015
0.2,1,12.10381052500452,True,1.5970660537929813
0.2,1,0.032496102998266,True,1.7601991094808764
0.2,1,0.22714370102039538,True,4.722353208743344
0.2,2,0.6139715290046297,True,3.1239619032817587
0.2,2,3.4555309879942797,True,2.7715648307843184
0.2,2,9.907114085013745,True,3.2043338634596283
0.2,2,3.3720810759987216,True,1.7899809725273554
0.2,2,6.074895800004015,True,3.202400970292658
0.05,0.5,8.484977259999141,True,3.1350895738303173
0.05,0.5,0.1768070840043947,True,1.5863859995810363
0.05,0.5,14.299356670991983,False,inf
0.05,0.5,0.08485554700018838,True,1.6771276204924013
0.05,0.5,12.921032687008847,False,inf
0.05,1,15.090619288006565,False,inf
0.05,1,0.04544783500023186,True,1.8731494303400642
0.05,1,0.5028731580241583,True,3.8918457403789364
0.05,1,4.343607733986573,True,2.3465878668411446
0.05,1,15.524498587008566,False,inf
0.05,2,6.318182023009285,True,2.158930856849795
0.05,2,0.2282782109978143,True,2.8210751726195995
0.05,2,2.5612935019889846,True,1.9607300189951145
0.05,2,9.619875617005164,True,2.1821271431131
0.05,2,6.258090471994365,True,1.4793434718604663
0.2,0.5,6.709505143982824,True,1.4766017428510105
0.2,0.5,0.024629619001643732,True,1.5090263739247178
0.2,0.5,0.14795287800370716,True,2.206844454631301
0.2,0.5,3.7660269630141556,True,2.1512970837491907
0.2,0.5,10.819144940003753,False,inf
0.2,1,0.07792738600983284,True,2.351707022382284
0.2,1,0.03142640701844357,True,1.4130804901529719
0.2,1,1.5451464240031783,True,1.9984771943016248
0.2,1,14.457785741018597,False,inf
0.2,1,11.833810744981747,True,3.840433707247388
0.2,2,7.383317564002937,True,3.5143500824889475
0.2,2,0.2546951499825809,True,3.2091633313469936
0.2,2,11.273636001977138,False,inf
0.2,2,0.9541542940132786,True,3.140016722622842
0.2,2,8.21896222999203,True,3.1574401595358212
0.05,0.5,13.505516056000488,False,inf
0.05,0.5,13.112953314004699,False,inf
0.05,0.5,0.25252488799742423,True,2.0198137752454643
0.05,0.5,0.39323559700278565,True,2.1885107795153007
0.05,0.5,14.22760112999822,False,inf
0.05,1,3.6909644859842956,True,2.438759303570217
0.05,1,0.14809242298360914,True,1.9436115037611954
0.05,1,13.470237458008341,True,1.6740615947076072
0.05,1,0.23125507499207743,True,2.298472544764122
0.05,1,0.7005484650144354,True,3.063349834436272
0.05,2,0.6779538250120822,True,4.761624441520444
0.05,2,2.0570527039817534,True,3.8376523382942973
0.05,2,13.43429885499063,False,inf
0.05,2,1.509659417992225,True,1.636829425936008
0.05,2,0.5275697559991386,True,4.505091713479003
0.2,0.5,8.775064081972232,True,2.171524836293645
0.2,0.5,0.1039787039917428,True,1.0969676706889566
0.2,0.5,0.16208221099805087,True,1.3886922390157774
0.2,0.5,0.20501651198719628,True,1.4035818515519787
0.2,0.5,0.46010927099268883,True,1.7363358254712613
0.2,1,0.04906361101893708,True,1.2576905480281897
0.2,1,0.03795165100018494,True,1.9617097852371472
0.2,1,14.492707518016687,False,inf
0.2,1,14.414393138984451,False,inf
0.2,1,0.014694980985950679,True,0.9962366581891657
0.2,2,11.603743956977269,False,inf
0.2,2,1.7701985060120933,True,2.294709312971378
0.2,2,9.581705640011933,True,1.748667529500608
0.2,2,11.908206095016794,False,inf
0.2,2,0.21000893900054507,True,2.1387900587530653
0.05,0.5,0.09549502801382914,True,1.3789690231487892
0.05,0.5,14.741413598996587,False,inf
0.05,0.5,0.12846319301752374,True,2.0028058637256505
0.05,0.5,5.237826152006164,True,1.6348426812686516
0.05,0.5,14.722778845985886,False,inf
0.05,1,0.10325409600045532,True,1.394637298065636
0.05,1,0.217571333021624,True,1.735822406051281
0.05,1,15.258521551993908,False,inf
0.05,1,4.109352466999553,True,1.556164954911116
0.05,1,15.715580135001801,False,inf
0.05,2,8.291567326989025,True,1.6354644364732267
0.05,2,3.164708802010864,True,1.547068352209659
0.05,2,0.13950209799804725,True,1.447552473961443
0.05,2,1.161899591999827,True,2.556146009813335
0.05,2,0.5276414130057674,True,1.772628093364316
0.2,0.5,0.023922889988170937,True,1.4969794961609497
0.2,0.5,0.05554290002328344,True,1.482565910446611
0.2,0.5,0.054892323998501524,True,1.530976546715242
0.2,0.5,12.108297786995536,False,inf
0.2,0.5,1.6670393249951303,True,2.169519625122478
0.2,1,12.89565729800961,False,inf
0.2,1,0.05841437299386598,True,1.2510821802287375
0.2,1,4.857486901979428,True,1.253583543527324
0.2,1,0.031593330000760034,True,1.496341852240047
0.2,1,12.76486914398265,True,1.4764685544302096
0.2,2,7.489993904018775,True,2.3902380929658222
0.2,2,5.120069280004827,True,1.9630066376834798
0.2,2,0.9659692810091656,True,1.5723032895288465
0.2,2,12.458792544988682,False,inf
0.2,2,2.1230912800238,True,2.3685108026403725
0.05,0.5,7.328674296004465,True,1.7682833118183705
0.05,0.5,2.5275167799845804,True,1.120743253494332
0.05,0.5,0.2247237550036516,True,2.101496296509859
0.05,0.5,12.899212102987804,False,inf
0.05,0.5,0.07369860899052583,True,1.2196884325536024
0.05,1,0.27825444398331456,True,1.4934787471585325
0.05,1,15.815687371999957,False,inf
0.05,1,0.0777162549784407,True,2.314199810611057
0.05,1,0.28467143399757333,True,3.1865501685627065
0.05,1,1.906333253980847,True,2.341964135345691
0.05,2,10.956056677998276,True,2.290431636853212
0.05,2,2.1387259110051673,True,5.520274514244923
0.05,2,0.09226177399978042,True,2.1477481537132226
0.05,2,0.5505689190176781,True,4.371312324998117
0.05,2,0.1528441050031688,True,2.7412529614598813
0.2,0.5,0.06605072898673825,True,1.8580063675403555
0.2,0.5,10.982324434997281,False,inf
0.2,0.5,1.413879644998815,True,3.253333352093988
0.2,0.5,0.034773782012052834,True,1.3001042795540554
0.2,0.5,11.861853320006048,False,inf
0.2,1,1.1195268190058414,True,3.4979805662870587
0.2,1,0.0829571790236514,True,1.5661382504512942
0.2,1,4.889231298991945,True,1.7844273702877784
0.2,1,5.543033293011831,True,1.6958235469355916
0.2,1,8.732638996996684,True,1.6188529622246446
0.2,2,8.455135771015193,True,2.1276229311504617
0.2,2,2.711930329009192,True,2.4682700568273894
0.2,2,12.746927430009237,False,inf
0.2,2,0.28355466399807483,True,1.8668936878888962
0.2,2,1.9339468620019034,True,2.7725948213013347
0.05,0.5,12.642034427990438,False,inf
0.05,0.5,4.132865316991229,True,1.7720085755386448
0.05,0.5,14.160889908001991,False,inf
0.05,0.5,0.14978999600862153,True,1.6573926538405659
0.05,0.5,0.09708406700519845,True,2.005656422982412
0.05,1,0.3513562550069764,True,2.521360866742727
0.05,1,15.27859155301121,False,inf
0.05,1,0.18295574199873954,True,1.5301265333476686
0.05,1,0.432825177005725,True,4.0210238772967495
0.05,1,0.8907568519935012,True,1.9877659929975902
0.05,2,13.740826911001932,False,inf
0.05,2,0.6376980950008146,True,3.4517725995479003
0.05,2,0.3846571459725965,True,5.161876022600716
0.05,2,0.20665045897476375,True,3.9791454242830695
0.05,2,1.5087111059983727,True,5.210752041319607
0.2,0.5,0.06594680499983951,True,2.5255027975457476
0.2,0.5,7.712321250990499,True,3.3785222621494038
0.2,0.5,12.214886057015974,False,inf
0.2,0.5,2.9631868909928016,True,2.7764205938162325
0.2,0.5,10.863589988002786,False,inf
0.2,1,3.7052416729857214,True,2.144963981029094
0.2,1,0.22430205100681633,True,2.4445293782149906
0.2,1,0.02704348901170306,True,1.588305969913227
0.2,1,13.762483158003306,False,inf
0.2,1,0.06475690999650396,True,1.3704171782822427
0.2,2,11.542816678003874,True,1.4072824247985594
0.2,2,1.6816833910124842,True,2.391454933032414
0.2,2,2.767658589000348,True,1.7728980282271432
0.2,2,4.8161757930065505,True,1.802155075210724
0.2,2,0.24107489400194027,True,2.584437708238851
0.05,0.5,13.979900840000482,False,inf
0.05,0.5,0.14751664601499215,True,1.21028484154504
0.05,0.5,0.1172639990109019,True,1.495792648923838
0.05,0.5,0.4111199010221753,True,1.7520464832473601
0.05,0.5,4.173464947991306,True,1.7519066587858791
0.05,1,0.4835168700083159,True,5.497346325218157
0.05,1,1.6758354030025657,True,4.171304415943148
0.05,1,1.004734519025078,True,1.7512102442783628
0.05,1,0.10857596600544639,True,2.1664004515052433
0.05,1,0.13493214300251566,True,1.5241614454180494
0.05,2,0.7084629320015665,True,3.565189840926653
0.05,2,1.4854479409987107,True,2.586833310874435
0.05,2,0.6231550889788195,True,3.4712522721024297
0.05,2,0.5320643510203809,True,1.8869537855572394
0.05,2,14.358559837011853,False,inf
0.2,0.5,11.602812825993169,True,4.156034506199906
0.2,0.5,9.742683724005474,True,1.3037111180501983
0.2,0.5,11.081621577992337,False,inf
0.2,0.5,0.03505657200003043,True,1.8352799260066055
0.2,0.5,0.0444930289813783,True,1.2890582545860978
0.2,1,8.616459292010404,True,1.957038986007862
0.2,1,3.947853572986787,True,1.4014149837503105
0.2,1,13.858468755002832,False,inf
0.2,1,6.155927162995795,True,1.8206760677087321
0.2,1,0.013132901018252596,True,1.2183770859622278
0.2,2,12.571337547007715,False,inf
0.2,2,3.3105802570062224,True,2.1127860982978883
0.2,2,5.5791106010146905,True,1.4039012269273834
0.2,2,0.5061527859943453,True,3.866116835494026
0.2,2,13.437551384005928,False,inf
0.05,0.5,14.598971932020504,False,inf
0.05,0.5,13.698759346996667,False,inf
0.05,0.5,0.08765613101422787,True,1.5061248357028065
0.05,0.5,14.335261820000596,False,inf
0.05,0.5,0.08207319199573249,True,1.5488777347917386
0.05,1,5.130823580984725,True,2.2616802940444014
0.05,1,0.049382788012735546,True,1.2913148835484725
0.05,1,0.215010864980286,True,2.444650169934698
0.05,1,0.0857384160044603,True,0.9947012210839248
0.05,1,0.23804473999189213,True,3.9757548900294264
0.05,2,4.240992131002713,True,2.013778964045746
0.05,2,0.3495280090137385,True,2.051713011325616
0.05,2,0.1499071899743285,True,2.936258947917524
0.05,2,4.560637932998361,True,2.20428586040905
0.05,2,6.985018998995656,True,1.4529998512854254
0.2,0.5,0.03997657299623825,True,1.3892591867425037
0.2,0.5,0.3271755099995062,True,1.4327035775342867
0.2,0.5,11.735706848005066,False,inf
0.2,0.5,0.6063802209973801,True,1.9413158183644965
0.2,0.5,11.68402249601786,False,inf
0.2,1,0.11948126598144881,True,1.5098540729686567
0.2,1,2.278162777016405,True,1.435366938583599
0.2,1,0.05915923501015641,True,2.0601624750031364
0.2,1,0.06180763398879208,True,2.2982116428394948
0.2,1,13.44955676101381,False,inf
0.2,2,5.0464397439791355,True,1.5485574491268381
0.2,2,3.8983602260123007,True,2.105575425161877
0.2,2,13.370634199003689,False,inf
0.2,2,0.5357895699853543,True,4.169086028217188
0.2,2,1.030349534994457,True,3.1419532754111987
0.05,0.5,1.0220559680019505,True,1.7689555274183288
0.05,0.5,0.06263560798834078,True,2.0371657441455486
0.05,0.5,12.390165004006121,False,inf
0.05,0.5,0.16890875200624578,True,1.7530150501312356
0.05,0.5,0.08827129699056968,True,1.3780869887731255
0.05,1,0.07054343802155927,True,1.4405367650313363
0.05,1,0.10064257399062626,True,1.7160011759857925
0.05,1,15.313410731992917,False,inf
0.05,1,0.2306570909859147,True,2.2272570007517967
0.05,1,15.977981204981916,False,inf
0.05,2,0.30693439600872807,True,2.9421333119640845
0.05,2,0.11207182501675561,True,2.0270959675692763
0.05,2,4.2330447690037545,True,2.8140898074152223
0.05,2,2.241814762004651,True,2.5971207674290153
0.05,2,4.7603371139848605,True,3.268548618236313
0.2,0.5,12.567645712988451,False,inf
0.2,0.5,11.36104524298571,False,inf
0.2,0.5,11.38300334601081,False,inf
0.2,0.5,10.555266229988774,True,2.6345007773248796
0.2,0.5,0.028052982001099735,True,1.5386205607707957
0.2,1,0.05446663900511339,True,1.9273565256600784
0.2,1,4.6938060840184335,True,2.0973159044544136
0.2,1,13.016028276993893,False,inf
0.2,1,14.59522478299914,False,inf
0.2,1,1.1265074310067575,True,5.036949137502727
0.2,2,1.3517741360119544,True,4.862095195212064
0.2,2,4.116802763979649,True,4.015187936088223
0.2,2,11.572742046992062,False,inf
0.2,2,0.09432825198746286,True,2.159864714359133
0.2,2,0.2809431420173496,True,3.0320249994163087
0.05,0.5,0.08643871999811381,True,1.5438493681364729
0.05,0.5,0.47374999098246917,True,1.6583242376396483
0.05,0.5,1.3579292189970147,True,1.6546827384955358
0.05,0.5,13.732407839008374,False,inf
0.05,0.5,2.7779224600235466,True,3.4854253527449273
0.05,1,0.20075211601215415,True,1.8941786380172783
0.05,1,2.571811597998021,True,1.7349174503942
0.05,1,0.10625610299757682,True,2.4075380522927743
0.05,1,15.841516454005614,False,inf
0.05,1,1.9297979830007534,True,1.787678776160073
0.05,2,1.4313993059913628,True,2.2515432706957523
0.05,2,0.4908364930015523,True,3.8481072570722876
0.05,2,14.455704457010143,False,inf
0.05,2,1.4048869630205445,True,3.5141331074952658
0.05,2,6.692535278998548,True,1.6369214715094653
0.2,0.5,12.069552663015202,False,inf
0.2,0.5,2.7146698019932956,True,2.243325813781014
0.2,0.5,0.07505772900185548,True,1.9960033598328288
0.2,0.5,0.04133806799654849,True,1.5835287997588492
0.2,0.5,11.285283648991026,False,inf
0.2,1,0.030570428003557026,True,1.8942421766749018
0.2,1,1.0813106069981586,True,1.6332612236785493
0.2,1,0.05684747398481704,True,1.1473808479851728
0.2,1,0.0325484850036446,True,1.3333400128943655
0.2,1,13.18788204601151,True,2.0928179100101256
0.2,2,12.599241486983374,False,inf
0.2,2,0.46796793400426395,True,2.7584236060921428
0.2,2,12.11107078299392,False,inf
0.2,2,0.31613744198693894,True,3.7488725200264437
0.2,2,0.5231762909970712,True,5.087785456122892
0.05,0.5,0.2895197769976221,True,2.4234485370295737
0.05,0.5,7.632436829007929,True,1.4892519067814558
0.05,0.5,13.445319810998626,False,inf
0.05,0.5,0.09555907300091349,True,1.673254568413645
0.05,0.5,0.02891441000974737,True,1.5068079014832867
0.05,1,6.365569293993758,True,1.4129043534393226
0.05,1,0.07771017900086008,True,1.27415141895946
0.05,1,0.46447451997664757,True,3.0830246304246067
0.05,1,15.59532250999473,False,inf
0.05,1,4.153343751997454,True,6.010140908168517
0.05,2,0.7825995870225597,True,4.68377771731342
0.05,2,4.031998551014112,True,1.5211802194471535
0.05,2,9.41984755199519,True,2.8292826746608792
0.05,2,0.3839423859899398,True,3.890848767512138
0.05,2,1.0748598149803001,True,2.0502500427613306
0.2,0.5,11.866718425997533,False,inf
0.2,0.5,0.0342766490066424,True,1.5094533682993512
0.2,0.5,11.655187844997272,False,inf
0.2,0.5,10.3452234879951,True,2.0223159756551454
0.2,0.5,10.771247755998047,False,inf
0.2,1,0.017026857007294893,True,1.4075644556027669
0.2,1,14.063555318018189,False,inf
0.2,1,0.022497420985018834,True,1.6554032241379384
0.2,1,0.02624582700082101,True,1.4947495490104807
0.2,1,1.0761463689850643,True,4.40525895901379
0.2,2,0.03458339400822297,True,1.3914740332852489
0.2,2,10.09798003200558,True,1.7815069711679676
0.2,2,0.23728870300692506,True,2.656424706856927
0.2,2,0.9210766879841685,True,2.932367335603462
0.2,2,8.471656555018853,True,2.1930566127936792
0.05,0.5,12.73933130298974,False,inf
0.05,0.5,0.11780024398467503,True,2.1578324918664586
0.05,0.5,0.08718106799642555,True,1.2701165582632887
0.05,0.5,10.695676200994058,True,1.3041803720494816
0.05,0.5,0.11441759899025783,True,1.2506863855086034
0.05,1,1.5716867040027864,True,3.6305750479315746
0.05,1,0.04543645100784488,True,1.8972969304677307
0.05,1,0.46565770800225437,True,4.108024728397905
0.05,1,0.6912566510145552,True,1.9022428213774285
0.05,1,0.2903748500102665,True,3.876767738814003
0.05,2,3.437578727985965,True,1.6192249218284067
0.05,2,5.775927832990419,True,3.8098256481631463
0.05,2,6.758101026003715,True,2.2952228947726496
0.05,2,4.877234932995634,True,2.2344496969970282
0.05,2,1.218550391989993,True,3.11323398033902
0.2,0.5,3.0469056940055452,True,1.8181476210859955
0.2,0.5,0.0662054989952594,True,1.417049260742768
0.2,0.5,12.14035591200809,False,inf
0.2,0.5,12.218561897985637,False,inf
0.2,0.5,11.428745773009723,False,inf
0.2,1,0.018876615999033675,True,1.4248628654688213
0.2,1,14.097640670021065,False,inf
0.2,1,1.6487485420075245,True,3.478495159119861
0.2,1,0.07060461898799986,True,1.3861928739916716
0.2,1,0.0421221120050177,True,1.7136322729015532
0.2,2,7.805706359009491,True,1.9996845234038445
0.2,2,2.6530300669837743,True,2.3404339781767485
0.2,2,11.860311213997193,False,inf
0.2,2,0.2041098960035015,True,4.371499032893466
0.2,2,0.07247093098703772,True,2.311075232885279
0.05,0.5,13.808519760001218,False,inf
0.05,0.5,13.745056946005207,False,inf
0.05,0.5,3.637612591002835,True,3.085631002673807
0.05,0.5,0.6021840590110514,True,3.1270759766618093
0.05,0.5,12.076897360006114,False,inf
0.05,1,0.23315721499966457,True,1.276573649797608
0.05,1,0.15000231500016525,True,1.3763376529615847
0.05,1,15.100865281012375,False,inf
0.05,1,15.7874958239845,False,inf
0.05,1,5.065262023010291,True,1.391830091575868
0.05,2,13.997323279996635,False,inf
0.05,2,14.407091883011162,False,inf
0.05,2,0.4393036269757431,True,1.8765884278806158
0.05,2,12.972335494996514,False,inf
0.05,2,0.6625167050224263,True,2.8364099033802623
0.2,0.5,11.738800908002304,False,inf
0.2,0.5,0.5187608269916382,True,2.2682807532875393
0.2,0.5,11.713754333002726,False,inf
0.2,0.5,11.693377866991796,False,inf
0.2,0.5,0.03399686299962923,True,1.6279211952919992
0.2,1,0.0790920669969637,True,2.1121511439896326
0.2,1,0.04614660199149512,True,1.5870298347666245
0.2,1,0.04865357099333778,True,1.7955322064565165
0.2,1,13.625190434016986,False,inf
0.2,1,2.2797146610100754,True,2.9976983017418273
0.2,2,0.0542790429899469,True,2.115103196605412
0.2,2,0.3674862049811054,True,4.46169514235807
0.2,2,2.3442136460216716,True,2.262209617299498
0.2,2,6.804953098995611,True,3.355681228093479
0.2,2,12.235417084011715,False,inf
0.05,0.5,13.236362130002817,False,inf
0.05,0.5,4.476674963021651,True,1.6714234341593446
0.05,0.5,0.21903416799614206,True,1.5100855994413227
0.05,0.5,13.677775814983761,False,inf
0.05,0.5,0.07068158499896526,True,1.8288829125255326
0.05,1,6.730963389010867,True,1.4460808620811771
0.05,1,0.07820689299842343,True,1.3025504177806986
0.05,1,0.06904379700426944,True,1.7663117945092677
0.05,1,0.10098235399345867,True,1.8448652410878645
0.05,1,0.08103157300502062,True,2.926851176944076
0.05,2,8.24296592900646,True,3.0292913818435805
0.05,2,3.4777409410162363,True,2.9745336763222214
0.05,2,14.219422801979817,False,inf
0.05,2,0.257108532008715,True,1.9513540787554053
0.05,2,0.7393862680182792,True,3.1699488521728054
0.2,0.5,11.15359760899446,False,inf
0.2,0.5,11.42567992999102,False,inf
0.2,0.5,0.05105151698808186,True,1.7396973021202067
0.2,0.5,11.226068958989345,False,inf
0.2,0.5,0.0333069660118781,True,1.439384828135913
0.2,1,0.03775658400263637,True,1.590938173111574
0.2,1,13.325659611000447,False,inf
0.2,1,0.05468594201374799,True,2.2114057574540293
0.2,1,0.40337452199310064,True,3.0958061290669634
0.2,1,0.0471692239807453,True,1.7067340988755397
0.2,2,10.054419459978817,True,1.9869444422716833
0.2,2,3.861895436013583,True,3.1316921046597312
0.2,2,6.139594184001908,True,1.6104264834950026
0.2,2,0.34344842500286177,True,2.6465711807889987
0.2,2,8.161253679019865,True,2.310402260436168
0.05,0.5,0.22109484899556264,True,2.11164904112887
0.05,0.5,13.396559312997852,False,inf
0.05,0.5,0.1145368890138343,True,2.0319636763157236
0.05,0.5,1.5151735630061012,True,2.890767550987543
0.05,0.5,14.527849575999426,False,inf
0.05,1,0.13605994699173607,True,1.9424474261167806
0.05,1,0.17552269500447437,True,2.2272840008744796
0.05,1,14.767792474973248,False,inf
0.05,1,15.774663313000929,False,inf
0.05,1,15.486275670002215,False,inf
0.05,2,10.839226534997579,True,3.077375899704335
0.05,2,1.2510606739961077,True,1.449915188624849
0.05,2,8.055935480020707,True,1.6534715242861713
0.05,2,11.05505196400918,True,2.2139337958707093
0.05,2,0.3564408740203362,True,3.1266318507302313
0.2,0.5,0.43355963300564326,True,2.102957451863078
0.2,0.5,10.766068641009042,True,1.3434535670750942
0.2,0.5,0.023398728983011097,True,1.4828820985359021
0.2,0.5,0.032432407984742895,True,1.2533369568891068
0.2,0.5,0.12409808399388567,True,2.571860319817554
0.2,1,10.372897857014323,True,2.0237972047385564
0.2,1,0.044328342017252,True,1.8944925559050052
0.2,1,0.020629433973226696,True,0.9775885137369573
0.2,1,0.052223392005544156,True,1.0368439459369045
0.2,1,1.0071262490237132,True,1.9556561392891005
0.2,2,11.311043795984006,False,inf
0.2,2,0.6472423870000057,True,2.8305579499858102
0.2,2,6.590920716989785,True,2.0325290959773525
0.2,2,0.1483096299925819,True,4.218684419469187
0.2,2,4.739137772005051,True,2.2076576910231713
0.05,0.5,0.09485981799662113,True,1.4156140482887434
0.05,0.5,0.159552473021904,True,3.1670004201251745
0.05,0.5,14.692869609978516,False,inf
0.05,0.5,14.636159096000483,False,inf
0.05,0.5,2.5223871149937622,True,1.5077632165495545
0.05,1,0.17227519300649874,True,1.3741507719250947
0.05,1,1.1661126560065895,True,4.534388008028489
0.05,1,0.10364066998590715,True,1.5226588540638477
0.05,1,16.7792727460037,False,inf
0.05,1,9.122660547989653,True,2.6932230171205487
0.05,2,14.913172453001607,False,inf
0.05,2,1.0254858270054683,True,1.9238479133545319
0.05,2,9.7871771719947,True,3.0370591054274847
0.05,2,0.2088317570160143,True,2.975374119699236
0.05,2,6.793792109994683,True,2.332300357029646
0.2,0.5,1.9654248819861095,True,1.1966170146695927
0.2,0.5,1.5888780380191747,True,1.7278209511160503
0.2,0.5,1.7860713680274785,True,1.1487741073703939
0.2,0.5,0.018450791016221046,True,1.540420733350569
0.2,0.5,12.128643733012723,False,inf
0.2,1,0.0714303580170963,True,1.58362667600803
0.2,1,13.122723125998164,False,inf
0.2,1,0.052089295990299433,True,1.298856151513089
0.2,1,0.05045353199238889,True,1.506383554630145
0.2,1,0.23540528101148084,True,4.411474885206816
0.2,2,0.147478653001599,True,3.448083549890579
0.2,2,12.619980781018967,False,inf
0.2,2,0.1137277020025067,True,3.0250015638354735
0.2,2,1.7121513610181864,True,2.2294163272073595
0.2,2,0.3557819169946015,True,4.043184686375382
0.05,0.5,13.030226054979721,False,inf
0.05,0.5,0.1126994930091314,True,1.3347782818457092
0.05,0.5,14.577342505013803,False,inf
0.05,0.5,13.181407088006381,False,inf
0.05,0.5,14.495331262005493,False,inf
0.05,1,14.153159684996353,False,inf
0.05,1,0.08597573899896815,True,2.639209266051281
0.05,1,9.43328929200652,True,3.0316158054317404
0.05,1,1.3990745240007527,True,1.608813894214916
0.05,1,15.147303122997982,False,inf
0.05,2,12.360089125984814,True,1.5733486599727249
0.05,2,1.9478241360047832,True,1.9865229397916673
0.05,2,0.13487110097776167,True,3.124401361440662
0.05,2,5.355376991996309,True,4.548818039287536
0.05,2,12.37381763799931,True,3.124032410652559
0.2,0.5,0.03811298598884605,True,1.4213914297173724
0.2,0.5,1.2786854549776763,True,1.194926193814645
0.2,0.5,11.224389265000354,False,inf
0.2,0.5,0.04314836600678973,True,1.854201305776063
0.2,0.5,11.14683483398403,False,inf
0.2,1,0.26362267101649195,True,2.7176202498479167
0.2,1,13.49508721800521,False,inf
0.2,1,13.26584581998759,False,inf
0.2,1,0.4005357349815313,True,2.2449795149694873
0.2,1,0.023217278998345137,True,1.319408762668701
0.2,2,12.252351539995288,False,inf
0.2,2,0.27307051100069657,True,4.286591698715539
0.2,2,1.5900195320136845,True,5.068983217386402
0.2,2,3.413796987006208,True,1.489745729876462
0.2,2,1.476351474004332,True,2.140811711091028
0.05,0.5,0.027452342998003587,True,1.1611844061381678
0.05,0.5,2.5665814999956638,True,1.1724912800384208
0.05,0.5,0.05165997799485922,True,1.271825533862867
0.05,0.5,0.08458253598655574,True,1.3565346861582326
0.05,0.5,0.046450692985672504,True,1.5361131143363904
0.05,1,0.14192672399803996,True,0.9971251984318519
0.05,1,3.770423990004929,True,2.165970065025109
0.05,1,0.053460777999134734,True,1.9559273528093652
0.05,1,6.816052417998435,True,1.4111853246424322
0.05,1,0.06618713002535515,True,1.4078961287779788
0.05,2,10.680709535023198,True,2.751355881070558
0.05,2,13.681499008991523,False,inf
0.05,2,0.2769322009989992,True,4.066852443657047
0.05,2,0.2091542860143818,True,2.211259538221129
0.05,2,1.4411705830134451,True,3.1431733138145606
0.2,0.5,12.573023456992814,False,inf
0.2,0.5,0.04678928601788357,True,1.123564290328183
0.2,0.5,12.214805808995152,False,inf
0.2,0.5,0.05586144799599424,True,2.2038804298808845
0.2,0.5,0.025165234983433038,True,1.2012846943367377
0.2,1,0.04587205400457606,True,1.3534967842876102
0.2,1,13.023193830013042,False,inf
0.2,1,0.06609989699791186,True,1.47218652604007
0.2,1,0.35335275100078434,True,1.6289239103595692
0.2,1,0.29983079302473925,True,2.0658142392854386
0.2,2,4.268299552000826,True,2.8859360078570138
0.2,2,11.700871186010772,False,inf
0.2,2,3.727967685990734,True,3.004553555698716
0.2,2,12.432015013007913,False,inf
0.2,2,3.6130640579795,True,3.1801506169646534
0.05,0.5,0.18332604199531488,True,2.4392428902750636
0.05,0.5,14.24919465900166,False,inf
0.05,0.5,13.531471341993893,False,inf
0.05,0.5,0.03942189001827501,True,1.2262919198938145
0.05,0.5,0.18821419699816033,True,1.3625035641293066
0.05,1,0.11625855800230056,True,1.1923316642780393
0.05,1,1.9944382579997182,True,1.4703107979086667
0.05,1,0.3125794939987827,True,3.0783411594336356
0.05,1,0.43870920399785973,True,2.5486297299332046
0.05,1,13.747979263978777,True,1.8847051450448522
0.05,2,0.7285040880087763,True,1.9278248253553916
0.05,2,2.005789984978037,True,2.426703154274105
0.05,2,8.958459967019735,True,1.687543769573729
0.05,2,2.542803531017853,True,1.3374417864644421
0.05,2,0.37458903997321613,True,1.2874754740509062
0.2,0.5,12.281598186993506,False,inf
0.2,0.5,12.278676987014478,False,inf
0.2,0.5,6.270469012000831,True,1.5355090778234524
0.2,0.5,12.294607258983888,False,inf
0.2,0.5,11.04200063899043,False,inf
0.2,1,0.04094702401198447,True,1.73662220716544
0.2,1,0.08955010000499897,True,2.5407135931567773
0.2,1,0.04957981299958192,True,1.5528812334160647
0.2,1,0.06442683900240809,True,1.7813844527600908
0.2,1,0.18301629400230013,True,3.383974270292392
0.2,2,0.4307136519928463,True,2.0711033332370254
0.2,2,5.745954203011934,True,1.4277013236004799
0.2,2,0.06821729001239873,True,1.55885019580222
0.2,2,2.358894169999985,True,2.3155843375639904
0.2,2,3.247979289997602,True,1.5397760220999324
0.05,0.5,2.447659527999349,True,1.2172658761967343
0.05,0.5,8.060158390988363,True,1.6338887660864498
0.05,0.5,0.1590669339930173,True,2.5374254868170993
0.05,0.5,13.391318388981745,False,inf
0.05,0.5,0.26597165799466893,True,2.1549683116095273
0.05,1,13.07267020602012,True,1.8829695887419735
0.05,1,8.64026261298568,True,1.1234178921626365
0.05,1,0.35950245600542985,True,4.262216431663693
0.05,1,0.444761827995535,True,3.5614075178454456
0.05,1,0.10374389600474387,True,1.6954181363243923
0.05,2,6.02003532499657,True,4.626197161070774
0.05,2,0.5784618240140844,True,2.7249778456268308
0.05,2,14.356781526003033,False,inf
0.05,2,3.3110287800082006,True,2.3876809319738275
0.05,2,4.4036861560016405,True,2.9364900367710884
0.2,0.5,1.5975719380076043,True,1.2793046755021844
0.2,0.5,11.834368640003959,False,inf
0.2,0.5,12.270669352001278,False,inf
0.2,0.5,0.10285341300186701,True,2.3036223566436997
0.2,0.5,0.2776901940233074,True,2.190000780191519
0.2,1,0.02451431000372395,True,1.379511210479218
0.2,1,0.07428360299672931,True,1.589626796609087
0.2,1,0.12779822901939042,True,1.6930040480265012
0.2,1,0.05074561102082953,True,1.4391193552634276
0.2,1,0.039171437005279586,True,1.4690376964492942
0.2,2,4.1470980849990156,True,2.5507076147814227
0.2,2,7.659945744002471,True,1.5816866204921496
0.2,2,5.487151590001304,True,1.6596782376728814
0.2,2,10.001376825006446,True,1.6457632299530462
0.2,2,12.258716077980353,False,inf
0.05,0.5,0.13310263899620622,True,2.1739869655789974
0.05,0.5,13.025716653006384,False,inf
0.05,0.5,0.4170862019818742,True,1.2959912113873666
0.05,0.5,1.5941379599971697,True,2.036699048963653
0.05,0.5,0.3515260409913026,True,2.347285825279726
0.05,1,0.4975140609894879,True,4.750675157391442
0.05,1,4.142664251994574,True,1.3823535818643755
0.05,1,16.260120037011802,False,inf
0.05,1,7.109238118020585,True,1.942720653932174
0.05,1,2.5277982429834083,True,4.918628257247689
0.05,2,12.925398004997987,False,inf
0.05,2,2.10171209499822,True,6.6045402803168205
0.05,2,7.278758683998603,True,2.202646281127822
0.05,2,14.326297004008666,False,inf
0.05,2,5.6957245139929,True,3.1255507626549566
0.2,0.5,0.07547377599985339,True,1.9764637289475182
0.2,0.5,11.490257557015866,False,inf
0.2,0.5,11.09720319902408,False,inf
0.2,0.5,1.4515913909999654,True,4.204562714059755
0.2,0.5,0.02802741900086403,True,1.5446102252377332
0.2,1,13.789273122005397,False,inf
0.2,1,14.068925589002902,False,inf
0.2,1,13.511567284993362,False,inf
0.2,1,14.449078851001104,False,inf
0.2,1,1.464086287014652,True,2.19258287170794
0.2,2,11.863944730983349,False,inf
0.2,2,12.857184068008792,False,inf
0.2,2,0.25919037402491085,True,5.4648664005947065
0.2,2,10.670453066006303,True,2.215206517996161
0.2,2,4.787181763997069,True,4.145138907951885
0.05,0.5,15.012835914996685,False,inf
0.05,0.5,13.552900533017237,False,inf
0.05,0.5,14.089982453995617,False,inf
0.05,0.5,0.06719997499021702,True,1.5233273677216361
0.05,0.5,0.21331154499785043,True,2.446395589041317
0.05,1,0.04723452602047473,True,1.7050957166263134
0.05,1,14.954224518995034,False,inf
0.05,1,15.342307262995746,True,2.3722766236375783
0.05,1,2.0633036789949983,True,2.939322075186701
0.05,1,6.014637605985627,True,3.5730608512239996
0.05,2,0.8023850539757404,True,3.0413828592149055
0.05,2,2.2139080989873037,True,2.0044147220645323
0.05,2,13.899022779020015,False,inf
0.05,2,2.4241081950021908,True,2.3363514840507906
0.05,2,1.1438570269965567,True,2.2929293369158
0.2,0.5,0.5587880349776242,True,2.266411340400655
0.2,0.5,0.043834910000441596,True,1.5116479487434151
0.2,0.5,2.1693543779838365,True,1.154319085883785
0.2,0.5,0.051221372006693855,True,1.9106776560767267
0.2,0.5,0.02470874899881892,True,1.5845769856187681
0.2,1,12.63284004299203,False,inf
0.2,1,0.05941136399633251,True,1.430010210249876
0.2,1,0.502675296011148,True,2.2092740773601016
0.2,1,2.3757000470068306,True,1.890581950247437
0.2,1,14.395404915994732,False,inf
0.2,2,2.708884041989222,True,4.808563642475184
0.2,2,1.0271222890005447,True,2.0903966401910523
0.2,2,11.576759554009186,False,inf
0.2,2,12.565059682994615,False,inf
0.2,2,0.98210349099827,True,3.24378457894674
0.05,0.5,13.31992211198667,False,inf
0.05,0.5,14.296459426986985,False,inf
0.05,0.5,8.904535790003138,True,0.9735863991413383
0.05,0.5,14.829045146005228,False,inf
0.05,0.5,11.834556444984628,True,2.569955926373308
0.05,1,11.741023551003309,True,2.2572665871352453
0.05,1,15.371161190007115,False,inf
0.05,1,0.1429884580138605,True,1.6895564903395706
0.05,1,15.055945100990357,False,inf
0.05,1,0.11834137901314534,True,1.8323850494691258
0.05,2,0.725874825991923,True,2.836599714006053
0.05,2,13.939132748986594,False,inf
0.05,2,0.5722539409762248,True,6.20969581957737
0.05,2,0.23860822300775908,True,3.0175997193321784
0.05,2,9.945780845009722,True,2.067876812161862
0.2,0.5,0.06386712699895725,True,1.4594896258142587
0.2,0.5,0.3851135619916022,True,1.724100974283901
0.2,0.5,11.17570147200604,False,inf
0.2,0.5,0.05857898900285363,True,2.0046140403869113
0.2,0.5,10.821458029007772,False,inf
0.2,1,0.030463080998742953,True,1.3746932424218268
0.2,1,14.661414287984371,False,inf
0.2,1,0.04441403702367097,True,1.423978667205055
0.2,1,0.08284368601744063,True,3.065762967981808
0.2,1,0.04200065598706715,True,1.2580415211040765
0.2,2,0.04450399399502203,True,2.8166520123662986
0.2,2,0.07993833898217417,True,2.2759380114257777
0.2,2,12.197834685997805,False,inf
0.2,2,1.1179680920031387,True,5.403096920816091
0.2,2,0.24692211399087682,True,2.1784396287282806
0.05,0.5,0.10886196899809875,True,1.9920845124576188
0.05,0.5,3.019793061015662,True,2.868531383406304
0.05,0.5,0.030449670972302556,True,1.6623684521027138
0.05,0.5,14.459913679020246,False,inf
0.05,0.5,0.05383212698507123,True,1.3169939751255042
0.05,1,0.3389458680176176,True,2.43783527752058
0.05,1,0.091347895009676,True,1.6014361065802012
0.05,1,0.04912437399616465,True,1.0360616364072068
0.05,1,0.3204942389857024,True,1.418502812526707
0.05,1,0.12055158999282867,True,1.8640078728052485
0.05,2,12.26084464500309,True,2.1189125728833287
0.05,2,0.5639010790036991,True,4.710853419458045
0.05,2,0.12944125599460676,True,2.224899048904558
0.05,2,14.050600793008925,False,inf
0.05,2,0.43494019500212744,True,1.315206647068625
0.2,0.5,0.8930162329925224,True,2.354274305775696
0.2,0.5,11.355550025007688,False,inf
0.2,0.5,5.320354572992073,True,2.778658028904737
0.2,0.5,0.07790901800035499,True,2.297349292236195
0.2,0.5,10.818582014995627,False,inf
0.2,1,0.0918974099913612,True,2.255153767078295
0.2,1,0.024384474992984906,True,1.258592060689255
0.2,1,2.6341183919867035,True,2.271517274799331
0.2,1,0.07025883300229907,True,1.4690493772859334
0.2,1,12.63884992399835,False,inf
0.2,2,0.07594122699811123,True,2.6431299551321232
0.2,2,12.620637504005572,False,inf
0.2,2,0.4801683069963474,True,1.6437335161857933
0.2,2,1.2019388829939999,True,1.9733492649705922
0.2,2,0.41707642399705946,True,3.691113551031464
0.05,0.5,1.2662091370148119,True,2.0541650323981795
0.05,0.5,12.562674238986801,False,inf
0.05,0.5,0.1033221920079086,True,1.9830167557683915
0.05,0.5,0.05805322201922536,True,1.9465248883892472
0.05,0.5,0.04274028100189753,True,1.388363830191122
0.05,1,0.04688161599915475,True,1.821417344205064
0.05,1,0.0611507720022928,True,1.496034641224817
0.05,1,14.867313319991808,True,3.956313609813373
0.05,1,2.0810506039997563,True,4.047990232494714
0.05,1,15.720099525002297,False,inf
0.05,2,12.190568280988373,True,1.3039148718046754
0.05,2,0.822012607997749,True,1.5570476650512628
0.05,2,6.360770327999489,True,2.6236879225996796
0.05,2,12.93364442899474,True,2.2184611457096204
0.05,2,0.08789205600623973,True,1.5027418976076166
0.2,0.5,12.381533962994581,False,inf
0.2,0.5,11.832441917009419,False,inf
0.2,0.5,8.27016167299007,True,1.1864134248393778
0.2,0.5,11.80611200002022,False,inf
0.2,0.5,0.09270156800630502,True,1.8458276620165712
0.2,1,0.03129817798617296,True,1.616985050465808
0.2,1,0.6528714220039546,True,1.4876240389167097
0.2,1,0.7705908589996397,True,1.3524255928024955
0.2,1,0.5346263560059015,True,3.0377927535726443
0.2,1,2.0929524740204215,True,1.1429026872410324
0.2,2,9.174176792002982,True,3.3954570659710477
0.2,2,0.2784025790169835,True,3.055881849901459
0.2,2,11.862950534006814,False,inf
0.2,2,0.5687916069873609,True,5.189328276831762
0.2,2,0.5630228880036157,True,5.3568891891347405
0.05,0.5,0.13694428399321623,True,2.133388139843139
0.05,0.5,14.706879512988962,False,inf
0.05,0.5,6.591090711997822,True,1.3073480755393936
0.05,0.5,0.0932242629933171,True,1.4581802226718472
0.05,0.5,0.1416180230153259,True,2.2344026524288063
0.05,1,15.973612114990829,False,inf
0.05,1,0.14381908599170856,True,2.127355045820195
0.05,1,16.098974473017734,False,inf
0.05,1,2.660023391013965,True,3.1427872265124837
0.05,1,9.367076321010245,True,1.1046344170874365
0.1,0.8,17.085342741018394,False,inf
0.1,0.8,15.23577283299528,False,inf
0.1,0.8,0.18396978799137287,True,1.8749237148918103
0.1,0.8,15.120116222009528,False,inf
0.1,0.8,0.294731298024999,True,1.52088608576607
0.1,1,0.12637173698749393,True,2.241084020031993
0.1,1,15.630509603011888,False,inf
0.1,1,0.09206101601012051,True,1.4003018908858058
0.1,1,9.358406692976132,True,3.608935823833948
0.1,1,0.1728537589951884,True,2.5034655327494915
0.1,1.2,3.52209436299745,True,1.5682547200751893
0.1,1.2,0.06478321098256856,True,1.2010891725311694
0.1,1.2,7.866076473001158,True,1.7481578425670408
0.1,1.2,0.11839046701788902,True,3.483674841157525
0.1,1.2,0.062002618971746415,True,1.598726441192612
0.2,0.8,2.056287004001206,True,1.5001526397861316
0.2,0.8,13.870717184006935,False,inf
0.2,0.8,0.03274711800622754,True,1.4049602227004345
0.2,0.8,2.693416214984609,True,1.3222206426972969
0.2,0.8,0.25002607199712656,True,2.8154995673279153
0.2,1,0.1826191860018298,True,2.23342418430613
0.2,1,3.3953000830078963,True,2.0603463614529063
0.2,1,0.04851061399676837,True,1.8631129660485868
0.2,1,12.695833750010934,True,1.8985883169137265
0.2,1,0.0716457010130398,True,1.601681023186095
0.2,1.2,0.031605161988409236,True,1.0981626634080248
0.2,1.2,0.0562775389989838,True,1.6561750968708393
0.2,1.2,0.023130990011850372,True,1.5536212207008047
0.2,1.2,9.725345032988116,True,1.625751466610629
0.2,1.2,0.054234028997598216,True,1.5248064704944932
0.1,0.8,15.48741788600455,False,inf
0.1,0.8,14.597298844979377,False,inf
0.1,0.8,0.14749602900701575,True,1.8940609465062679
0.1,0.8,0.10322640600497834,True,1.3537414295872574
0.1,0.8,0.08171932899858803,True,1.8804033312418635
0.1,1,16.65553499100497,False,inf
0.1,1,0.03800202300772071,True,1.9999901970600362
0.1,1,15.94136240700027,False,inf
0.1,1,11.44249404699076,True,1.2489299263920437
0.1,1,16.395928001991706,False,inf
0.1,1.2,13.998020758008352,False,inf
0.1,1.2,0.1758284000097774,True,1.3852090572483649
0.1,1.2,15.861139649990946,False,inf
0.1,1.2,0.09914514899719507,True,2.461733440020228
0.1,1.2,0.6839020829938818,True,3.5796132711457167
0.2,0.8,0.06497681300970726,True,2.967292375333767
0.2,0.8,4.465383199014468,True,1.4923327078344424
0.2,0.8,0.028614131006179377,True,1.9170417090843743
0.2,0.8,0.047522311011562124,True,1.539833029675884
0.2,0.8,0.02890651801135391,True,1.6210456931668915
0.2,1,4.4116127520101145,True,1.6643347800882915
0.2,1,0.0639043849951122,True,1.411133263712242
0.2,1,2.581679973984137,True,4.067532573351757
0.2,1,11.304464527987875,True,2.3318616870359
0.2,1,7.157883775013033,True,1.560038985438334
0.2,1.2,0.19486283097648993,True,2.1234053959260497
0.2,1.2,0.08415382000384852,True,1.6409376441058945
0.2,1.2,8.606530556018697,True,3.532149066585482
0.2,1.2,0.2707094459910877,True,3.0182418577297487
0.2,1.2,0.029567863006377593,True,1.1728201640651532
0.1,0.8,0.32242428400786594,True,1.2862249049253789
0.1,0.8,9.124996373982867,True,1.3176923941518022
0.1,0.8,0.12846268701832741,True,1.408014862093609
0.1,0.8,0.32810064300429076,True,1.97762590768048
0.1,0.8,0.4722517290210817,True,2.2811299680787833
0.1,1,15.98983467198559,False,inf
0.1,1,0.5029514310008381,True,4.261830128929556
0.1,1,0.02058702099020593,True,1.6965712406633762
0.1,1,15.412944409006741,False,inf
0.1,1,0.09068377999938093,True,1.6299301768729169
0.1,1.2,0.6845134260074701,True,1.1838367461075827
0.1,1.2,0.6910361530026421,True,3.150366100613886
0.1,1.2,0.3763794990081806,True,3.919539279979457
0.1,1.2,0.1282371389970649,True,2.3872768185537416
0.1,1.2,0.10786580599960871,True,1.6908843172547656
0.2,0.8,14.222570404002909,False,inf
0.2,0.8,13.730079611006659,False,inf
0.2,0.8,0.07188654999481514,True,1.523183477602033
0.2,0.8,13.54804289599997,False,inf
0.2,0.8,6.425798165000742,True,1.618357788546267
0.2,1,13.811082665022695,False,inf
0.2,1,0.032899553974857554,True,1.3668280541493742
0.2,1,0.028379619005136192,True,1.3347838828381005
0.2,1,1.0583266780013219,True,1.8829584903335235
0.2,1,14.255768297996838,False,inf
0.2,1.2,14.272694491985021,False,inf
0.2,1.2,0.12903179199201986,True,2.9233192844268303
0.2,1.2,0.3172777149884496,True,1.5757863919612687
0.2,1.2,0.1306609539897181,True,2.3767727283088043
0.2,1.2,2.254150661989115,True,2.0232899358695433
0.1,0.8,0.05111448699608445,True,1.218686711771424
0.1,0.8,0.22755679101101123,True,3.137067882374287
0.1,0.8,0.09356920601567253,True,1.5533264454899385
0.1,0.8,0.0659265510039404,True,1.7602901037998502
0.1,0.8,16.49461584200617,False,inf
0.1,1,0.04351402199245058,True,1.4471555073313218
0.1,1,0.04145969299133867,True,1.5189318631468478
0.1,1,0.021653999981936067,True,1.2609164602608636
0.1,1,13.85000443700119,True,2.5564621906099867
0.1,1,0.09152947401162237,True,1.2993209718003467
0.1,1.2,0.1672626140061766,True,1.8360884149932566
0.1,1.2,2.686220396979479,True,2.223556904343483
0.1,1.2,0.3200353230058681,True,1.7045313993858198
0.1,1.2,0.3893693650024943,True,2.503012513097858
0.1,1.2,0.03171814899542369,True,1.5971399662017995
0.2,0.8,13.181331452011364,True,1.4295623655070115
0.2,0.8,0.2221926680067554,True,2.3544390183149915
0.2,0.8,0.1162887190002948,True,1.9284567698446389
0.2,0.8,13.474188724998385,False,inf
0.2,0.8,1.9341107299842406,True,2.5352066461532003
0.2,1,0.05112357801408507,True,1.3487148949534247
0.2,1,0.09062311801244505,True,1.6114326210774
0.2,1,4.731348169007106,True,1.5352339032838116
0.2,1,0.08427568501792848,True,1.8720255695506756
0.2,1,2.5492943430144805,True,2.9041456848573204
0.2,1.2,0.5081406540120952,True,4.14222262451791
0.2,1.2,0.17240477399900556,True,3.78505282938312
0.2,1.2,0.19539650800288655,True,1.6144622960623558
0.2,1.2,0.362112569011515,True,1.9972348913283273
0.2,1.2,5.270165660011116,True,1.719818475763872
0.1,0.8,15.729468473989982,False,inf
0.1,0.8,2.815535932983039,True,2.757716789848059
0.1,0.8,0.12423598999157548,True,2.4871372093374915
0.1,0.8,0.11662035100744106,True,1.6838521976241023
0.1,0.8,15.417626969981939,False,inf
0.1,1,7.676107640989358,True,1.4592958193839218
0.1,1,0.24881103899679147,True,1.7209382436135165
0.1,1,7.627181927993661,True,3.1853466975122227
0.1,1,0.49183566801366396,True,2.1013903785564456
0.1,1,14.94806535198586,False,inf
0.1,1.2,0.05160662200069055,True,2.008605620474151
0.1,1.2,0.05394181402516551,True,1.6624935722945156
0.1,1.2,0.16726357501465827,True,1.0955811586973656
0.1,1.2,0.481439119001152,True,4.379726205135421
0.1,1.2,15.546053308993578,False,inf
0.2,0.8,0.01795937100541778,True,1.3061142499988265
0.2,0.8,5.900382209976669,True,1.1064943362991695
0.2,0.8,0.0398088289948646,True,1.2845662723835258
0.2,0.8,13.775622922985349,False,inf
0.2,0.8,13.976025545009179,False,inf
0.2,1,0.0184558589826338,True,1.3794843346401873
0.2,1,11.255385922995629,True,1.4455260544084387
0.2,1,0.18550054400111549,True,2.825944966458253
0.2,1,0.05532160997972824,True,1.435737146641317
0.2,1,0.06494957901304588,True,1.6711491620112313
0.2,1.2,0.10685499099781737,True,2.0019378384836846
0.2,1.2,0.27325664198724553,True,3.623820892257842
0.2,1.2,0.049189994984772056,True,1.324612381460355
0.2,1.2,4.100584616011474,True,2.8877640572077548
0.2,1.2,1.0914436299935915,True,3.6440867725079826
0.1,0.8,16.129577994026477,False,inf
0.1,0.8,16.086937675980153,False,inf
0.1,0.8,15.711701744003221,False,inf
0.1,0.8,0.08932584698777646,True,1.7830852901934573
0.1,0.8,15.335117195005296,False,inf
0.1,1,0.139589677011827,True,1.3568716066218205
0.1,1,0.040435536997392774,True,1.213182362822133
0.1,1,15.820185896009207,False,inf
0.1,1,0.06547711801249534,True,1.8330610733612471
0.1,1,15.968677408003714,False,inf
0.1,1.2,0.2418335690163076,True,2.5212066128428634
0.1,1.2,0.21077727599185891,True,3.8676382375694898
0.1,1.2,0.09350806500879116,True,1.4329274869524602
0.1,1.2,14.855652698985068,False,inf
0.1,1.2,0.8501479080005083,True,1.3399868626780018
0.2,0.8,0.8722667699912563,True,2.586178985721683
0.2,0.8,0.0501716390135698,True,1.750083539814836
0.2,0.8,1.053738426999189,True,1.0806042076155462
0.2,0.8,4.880787843983853,True,3.383665762420139
0.2,0.8,11.153587429987965,True,3.1830003845767543
0.2,1,13.571516133000841,False,inf
0.2,1,0.4303684859769419,True,4.075203515119207
0.2,1,0.0277057170169428,True,1.4607549850357118
0.2,1,12.089998387004016,True,1.2818208581123296
0.2,1,0.09543607902014628,True,1.743819391668632
0.2,1.2,0.13877730601234362,True,2.9945824675441224
0.2,1.2,13.956732344988268,False,inf
0.2,1.2,14.621371963992715,False,inf
0.2,1.2,14.547182706999592,False,inf
0.2,1.2,3.8127662359911483,True,4.139608977102799
0.1,0.8,14.76932940701954,False,inf
0.1,0.8,9.068301334016724,True,1.2654341360585992
0.1,0.8,0.20061171700945124,True,2.047854501255726
0.1,0.8,0.1410961090005003,True,1.7929676502716179
0.1,0.8,4.8348144280025735,True,1.471971041309252
0.1,1,0.09028534000390209,True,1.5351541697794282
0.1,1,0.7914054899883922,True,1.9485832634467168
0.1,1,0.27981425798498094,True,2.1888764588816043
0.1,1,0.11643641698174179,True,1.7887877864298
0.1,1,0.02187839601538144,True,1.2939572804080375
0.1,1.2,0.05740282800979912,True,2.025480796028734
0.1,1.2,0.0974918800056912,True,2.672042471795562
0.1,1.2,3.157867330010049,True,1.887769866387275
0.1,1.2,12.05790519801667,True,2.0770318926608042
0.1,1.2,0.08409162299358286,True,1.6395574026989783
0.2,0.8,13.4234659220092,False,inf
0.2,0.8,0.11334314398118295,True,2.7127694551061405
0.2,0.8,13.897649204009213,False,inf
0.2,0.8,1.2653765389986802,True,2.413657860323178
0.2,0.8,0.02967745700152591,True,1.5173887906251153
0.2,1,0.12435961698065512,True,2.1622469531846797
0.2,1,13.956699437985662,False,inf
0.2,1,0.032612787996185943,True,1.8240449581981517
0.2,1,0.0845682010112796,True,1.8536832036314628
0.2,1,0.8767994790105149,True,1.5000816512875057
0.2,1.2,2.3497755200078245,True,1.7750008719683372
0.2,1.2,3.9118366639886517,True,1.7499746729407404
0.2,1.2,0.10270408799988218,True,2.682997592846434
0.2,1.2,0.03109253098955378,True,1.7156437809889353
0.2,1.2,13.412469439994311,False,inf
0.1,0.8,0.1454800060018897,True,1.896342300008301
0.1,0.8,11.622295138979098,True,2.3941652592016025
0.1,0.8,0.11426602498977445,True,1.9398593324467561
0.1,0.8,0.7723557569843251,True,1.2900692046374522
0.1,0.8,0.38512417700258084,True,1.7057956079311185
0.1,1,4.523814434011001,True,2.973037540080485
0.1,1,2.101579262991436,True,1.5972417462912238
0.1,1,0.19066480500623584,True,2.167367612218381
0.1,1,0.051870395021978766,True,1.9925933157767641
0.1,1,0.09896912399563007,True,1.4817620368368594
0.1,1.2,0.08180259697837755,True,1.6233570221820093
0.1,1.2,0.6204893940011971,True,1.9211453195526702
0.1,1.2,0.09731915697921067,True,3.3749484178002245
0.1,1.2,1.3312384609889705,True,2.002546749241999
0.1,1.2,0.013842518994351849,True,1.1072361574735643
0.2,0.8,14.014941842004191,False,inf
0.2,0.8,0.39428863002103753,True,2.5117304351574457
0.2,0.8,0.10775501598254777,True,2.9503391049451726
0.2,0.8,0.05438484801561572,True,1.943406230599224
0.2,0.8,3.6768455909914337,True,1.291881824514725
0.2,1,0.4925712489930447,True,1.548237306664027
0.2,1,0.06311977899167687,True,2.2035582914673717
0.2,1,5.913757353002438,True,1.9136646680236378
0.2,1,0.12007285899017006,True,1.9627007786929387
0.2,1,14.062035192997428,False,inf
0.2,1.2,0.39334059701650403,True,1.042028384487872
0.2,1.2,6.7048538029775955,True,1.9218119338897894
0.2,1.2,0.36179299899959005,True,3.808111345406212
0.2,1.2,13.786206907010637,False,inf
0.2,1.2,0.04699879098916426,True,1.5361275024247207
0.1,0.8,14.700681018002797,False,inf
0.1,0.8,0.042678733996581286,True,2.3430049225167613
0.1,0.8,0.07147909500054084,True,1.542449566025111
0.1,0.8,0.05142384400824085,True,1.557378656655863
0.1,0.8,15.03383908700198,False,inf
0.1,1,0.10673342199879698,True,1.499344001755702
0.1,1,0.049468173005152494,True,1.5456341782649163
0.1,1,0.03233269599149935,True,1.337613876206627
0.1,1,0.03825758598395623,True,1.249508654372757
0.1,1,0.10720020401640795,True,1.7230380674058914
0.1,1.2,2.7053796039836016,True,1.8408785387751085
0.1,1.2,4.490590428002179,True,1.8743819966335784
0.1,1.2,6.426119059004122,True,1.2268702333042176
0.1,1.2,14.420028758991975,False,inf
0.1,1.2,3.573707372008357,True,4.066485305652842
0.2,0.8,3.887243617005879,True,1.6605186759311354
0.2,0.8,0.05394111399073154,True,1.9675026405455975
0.2,0.8,12.939468349009985,False,inf
0.2,0.8,0.0332783610210754,True,1.9001198289358987
0.2,0.8,0.07070321598439477,True,1.6866388234594625
0.2,1,0.168533137999475,True,2.2485225641110005
0.2,1,0.22892514397972263,True,2.040647401626144
0.2,1,14.675401721993694,False,inf
0.2,1,0.07970287700300105,True,1.424731442728952
0.2,1,0.8036403529986273,True,4.15330531710246
0.2,1.2,0.4531273409957066,True,2.9909274126319203
0.2,1.2,0.0927491589973215,True,1.6172454852512954
0.2,1.2,14.55588258698117,False,inf
0.2,1.2,5.213595556997461,True,2.2705009270388574
0.2,1.2,1.5990363110031467,True,2.8682619882608744
0.1,0.8,15.519669425004395,False,inf
0.1,0.8,1.939488951000385,True,2.716369493499395
0.1,0.8,0.9486926939862315,True,2.384314677385689
0.1,0.8,2.2265629720059223,True,1.4697278311287447
0.1,0.8,4.040962833998492,True,1.6825288306091768
0.1,1,0.13306145701790228,True,1.4050157489065311
0.1,1,1.9438154099916574,True,3.438723580269397
0.1,1,0.038207392004551366,True,1.3493269982136713
0.1,1,0.03843979100929573,True,1.4791665881642853
0.1,1,16.055757975002052,True,3.807267053422246
0.1,1.2,14.828240499977255,False,inf
0.1,1.2,14.485259396984475,True,1.6967147225530432
0.1,1.2,0.053755384986288846,True,1.0929872402096488
0.1,1.2,15.187610204011435,False,inf
0.1,1.2,0.05221956898458302,True,1.6375069035960617
0.2,0.8,2.7607537700096145,True,1.5466603424319145
0.2,0.8,0.018038887006696314,True,1.2085381902670231
0.2,0.8,0.0449495829816442,True,1.2262558526563143
0.2,0.8,0.034671600005822256,True,1.7308168095793468
0.2,0.8,0.0516326809884049,True,1.3238226984313308
0.2,1,0.07745366400922649,True,2.4265129688667053
0.2,1,0.1800096009974368,True,1.6052984549482032
0.2,1,0.07691882600192912,True,1.8655323799653236
0.2,1,0.04874594198190607,True,1.0649176135142338
0.2,1,5.780937488016207,True,2.525763508581012
0.2,1.2,0.6240531459916383,True,2.5307257442811597
0.2,1.2,6.222512481996091,True,1.623402969489368
0.2,1.2,0.058560984005453065,True,1.7745205153108001
0.2,1.2,0.8392666889994871,True,3.254302882224791
0.2,1.2,0.036775994987692684,True,1.41853347209438
0.1,0.8,0.02227968501392752,True,1.2240671589133403
0.1,0.8,16.258529738988727,False,inf
0.1,0.8,0.7940114029916003,True,1.8018109884210292
0.1,0.8,2.5624132780067157,True,1.3284132170899723
0.1,0.8,0.034117940987925977,True,1.7008560667498398
0.1,1,0.6345346530142706,True,2.4105881039476547
0.1,1,0.07069969200529158,True,2.2756768229598174
0.1,1,14.364002971007721,False,inf
0.1,1,15.291631214990048,False,inf
0.1,1,0.06564825100940652,True,2.2606581478750734
0.1,1.2,0.01777819002745673,True,1.1379538258643613
0.1,1.2,2.380050622014096,True,2.259927928980599
0.1,1.2,11.222693624004023,True,2.7799311945639684
0.1,1.2,7.817151355993701,True,2.687844665973413
0.1,1.2,3.4802483769890387,True,6.634010067795518
0.2,0.8,13.720705857995199,False,inf
0.2,0.8,0.08509759997832589,True,1.863708659138285
0.2,0.8,2.2239229770202655,True,4.620906673721858
0.2,0.8,15.04379995301133,False,inf
0.2,0.8,0.02638366899918765,True,1.2296613658057371
0.2,1,0.031503228994552046,True,1.2763678148596673
0.2,1,0.026065161015139893,True,1.8752592643720543
0.2,1,0.047384392004460096,True,1.5209617978958616
0.2,1,0.07720929299830459,True,3.105772680559993
0.2,1,0.06441461699432693,True,1.4494386095505982
0.2,1.2,0.03998501901514828,True,2.058899547493307
0.2,1.2,3.7717794539930765,True,5.765165502320568
0.2,1.2,0.07138209999538958,True,1.4902808235048715
0.2,1.2,0.04117633498390205,True,1.6127943391261532
0.2,1.2,0.04473632702138275,True,1.0993570635975458
0.1,0.8,0.2562366740021389,True,3.440944959681724
0.1,0.8,1.2769289319985546,True,2.458661621602866
0.1,0.8,0.03779842099174857,True,1.840020926336285
0.1,0.8,16.921459944016533,False,inf
0.1,0.8,0.07954653399065137,True,1.7478455586488457
0.1,1,14.769900584011339,False,inf
0.1,1,0.12319084099726751,True,2.9814607431078364
0.1,1,0.06749322899850085,True,1.7557551798585054
0.1,1,0.11255997102125548,True,1.4063732968815679
0.1,1,0.2349052780191414,True,3.4796137673553127
0.1,1.2,1.3133325120143127,True,1.2802547885798081
0.1,1.2,15.320004039007472,False,inf
0.1,1.2,0.5238503259897698,True,3.9446492792817676
0.1,1.2,6.743050068995217,True,2.2181537659077706
0.1,1.2,0.09411909300251864,True,2.1593813215999496
0.2,0.8,13.442614027997479,False,inf
0.2,0.8,4.820674301998224,True,2.29531569993412
0.2,0.8,8.64252348500304,True,2.991989660499879
0.2,0.8,0.025999796023825184,True,1.2482652642629015
0.2,0.8,0.04021165601443499,True,1.2019887994216656
0.2,1,14.385668483999325,False,inf
0.2,1,0.06336920699686743,True,2.701324843288708
0.2,1,0.6060331559856422,True,4.133663941839024
0.2,1,0.5497659410175402,True,2.457058335080825
0.2,1,3.971755894977832,True,1.553925152216741
0.2,1.2,0.067898167995736,True,1.8629341248264815
0.2,1.2,1.3992539680039044,True,5.457274959894274
0.2,1.2,7.434515198023291,True,2.2705637969765307
0.2,1.2,13.693877533980412,False,inf
0.2,1.2,0.07484004300204106,True,2.0244273237487453
0.1,0.8,0.1182990079978481,True,1.9086189851553237
0.1,0.8,14.773008896998363,False,inf
0.1,0.8,0.05871732498053461,True,1.5408172932682322
0.1,0.8,0.037714168982347474,True,1.210906629760185
0.1,0.8,0.5194524899998214,True,1.3236541433488378
0.1,1,0.1318711639905814,True,1.5161012008070849
0.1,1,0.13730238200514577,True,2.796569333403388
0.1,1,0.5836421369749587,True,1.9857256283192068
0.1,1,3.768840343982447,True,1.852835724653091
0.1,1,0.18252834700979292,True,1.4817362289420755
0.1,1.2,0.4111939450085629,True,2.1359874008214956
0.1,1.2,3.9159991899796296,True,1.6203362833010424
0.1,1.2,0.10585542698390782,True,2.546287760204385
0.1,1.2,0.13707279998925515,True,2.246075499747221
0.1,1.2,0.27467352300300263,True,4.068752907736232
0.2,0.8,0.20850970500032417,True,1.7141966327109173
0.2,0.8,0.06388900001184084,True,1.5649056740786327
0.2,0.8,2.0958389269944746,True,2.375802917820527
0.2,0.8,0.028273078001802787,True,1.8709776195673147
0.2,0.8,0.026196534017799422,True,1.623073017119788
0.2,1,1.739069331990322,True,2.2486446231040245
0.2,1,0.03034097998170182,True,1.366155933253524
0.2,1,0.03940639100619592,True,1.415796041865333
0.2,1,0.11948443402070552,True,3.055148441210512
0.2,1,0.03181053401203826,True,1.4935419278656472
0.2,1.2,0.07565465499646962,True,1.5299731936253715
0.2,1.2,0.060195651021786034,True,1.6807341161620306
0.2,1.2,1.935413309984142,True,2.583641369270607
0.2,1.2,13.881720581004629,False,inf
0.2,1.2,0.435577383992495,True,2.769783994431502
0.1,0.8,16.56421489099739,False,inf
0.1,0.8,0.042190950975054875,True,1.273568571280536
0.1,0.8,0.7098871360067278,True,1.6002147003179146
0.1,0.8,2.3795403460098896,True,1.0392911404909129
0.1,0.8,0.0406480279925745,True,1.595111936122461
0.1,1,16.120195923023857,False,inf
0.1,1,3.522380039008567,True,2.006995769002176
0.1,1,0.043645141005981714,True,1.5061407429156548
0.1,1,1.0680242350208573,True,1.5861798872553285
0.1,1,0.20959512901026756,True,2.0681079691551725
0.1,1.2,0.08548973500728607,True,1.7172374967854311
0.1,1.2,15.310269796987996,True,2.102022518854495
0.1,1.2,0.09071512398077175,True,1.57704328289833
0.1,1.2,0.06335563500761054,True,1.113720383070251
0.1,1.2,0.070781257993076,True,1.522979402797147
0.2,0.8,0.04093196400208399,True,1.9787379497925948
0.2,0.8,0.0768762530060485,True,2.772912944339657
0.2,0.8,0.9706078309973236,True,2.5914436729023276
0.2,0.8,0.024455783976009116,True,1.2233417572824017
0.2,0.8,10.441948402993148,True,2.0915595497233848
0.2,1,0.788590889016632,True,1.7166389090524377
0.2,1,15.122430785006145,False,inf
0.2,1,0.034818595013348386,True,1.175553715756692
0.2,1,0.3540142919810023,True,2.057112141312356
0.2,1,0.07593526199343614,True,1.9329114382697852
0.2,1.2,0.041580312012229115,True,1.5587853646239307
0.2,1.2,0.18455885999719612,True,1.9220727550745895
0.2,1.2,0.08815623898408376,True,1.9881487713739576
0.2,1.2,0.061212314991280437,True,2.4729150303588217
0.2,1.2,0.07061384100234136,True,1.4924660765103757
0.1,0.8,0.0693592070019804,True,1.9060520494459827
0.1,0.8,16.071221935009817,False,inf
0.1,0.8,0.04109150599106215,True,1.1075489464273045
0.1,0.8,11.642947856977116,True,1.8629078325270698
0.1,0.8,15.408808630978456,False,inf
0.1,1,16.296937283012085,False,inf
0.1,1,0.19005128301796503,True,1.657929921960036
0.1,1,15.365175526007079,False,inf
0.1,1,0.370803796016844,True,1.6820524327878201
0.1,1,15.87115471099969,False,inf
0.1,1.2,0.0845201259944588,True,1.6599982562070856
0.1,1.2,3.360722515004454,True,1.7734123514009523
0.1,1.2,0.11591522299568169,True,1.8920559111884312
0.1,1.2,0.1835402750002686,True,2.1762393623799134
0.1,1.2,0.19518966600298882,True,1.962002132088261
0.2,0.8,14.288213153980905,False,inf
0.2,0.8,13.308348487014882,False,inf
0.2,0.8,13.018125817994587,False,inf
0.2,0.8,4.030666695005493,True,1.0890845376827563
0.2,0.8,12.67420544399647,False,inf
0.2,1,0.09252597799059004,True,1.5327159196340134
0.2,1,6.799699416005751,True,1.8701542752088682
0.2,1,0.13378189198556356,True,2.357228553614732
0.2,1,0.0631449400098063,True,1.5497808453838562
0.2,1,14.613467226998182,False,inf
0.2,1.2,1.714829557982739,True,1.715681703132427
0.2,1.2,0.19729694101260975,True,4.087467151531155
0.2,1.2,0.09819612500723451,True,1.9931413581318727
0.2,1.2,0.3834269570070319,True,5.285460418876961
0.2,1.2,0.4995133110205643,True,1.836102851097277
0.1,0.8,0.06586925601004623,True,1.2431094052733223
0.1,0.8,0.04575600099633448,True,1.2223929423974498
0.1,0.8,0.04730033301166259,True,1.4512981134342529
0.1,0.8,1.3448821799829602,True,5.0741931056156435
0.1,0.8,3.224559655995108,True,3.3037934694430438
0.1,1,1.7870806260034442,True,2.708112646039579
0.1,1,0.5168747839925345,True,1.5585488297890895
0.1,1,5.287662038987037,True,3.376681036805212
0.1,1,15.819715501012979,False,inf
0.1,1,1.514468281995505,True,2.97573119031698
0.1,1.2,0.607596501999069,True,4.331468510174892
0.1,1.2,2.1688141449994873,True,1.6127636989464795
0.1,1.2,0.0794126020045951,True,2.391233892825798
0.1,1.2,0.1048818479757756,True,1.9996018006267473
0.1,1.2,15.681851521017961,False,inf
0.2,0.8,0.0982353699801024,True,2.399752575210896
0.2,0.8,8.658380136999767,True,3.5331646215296413
0.2,0.8,12.713964466995094,False,inf
0.2,0.8,13.144350457994733,False,inf
0.2,0.8,0.023773247987264767,True,1.3145874551792844
0.2,1,13.675478909019148,False,inf
0.2,1,0.09183057400514372,True,2.0902758229734886
0.2,1,0.27427966200048104,True,3.3132211671334573
0.2,1,0.14676127099664882,True,3.375674518366239
0.2,1,0.01879748099599965,True,1.4858318620689175
0.2,1.2,0.05545375501969829,True,1.7204256564396174
0.2,1.2,0.35721640300471336,True,1.6816641694601309
0.2,1.2,0.032072255009552464,True,1.6850648311211087
0.2,1.2,0.05102466800599359,True,1.5813270393223833
0.2,1.2,0.049910433997865766,True,2.047986630782627
0.1,0.8,6.946430210984545,True,3.3758833584017207
0.1,0.8,1.4025907790055498,True,1.1751216958898134
0.1,0.8,0.28115124098258093,True,3.1800674846203445
0.1,0.8,15.055631741997786,False,inf
0.1,0.8,0.10920062600052916,True,1.7359587862841324
0.1,1,15.426412362023257,False,inf
0.1,1,16.38046417699661,False,inf
0.1,1,1.1587969779793639,True,2.830838390801195
0.1,1,0.10632957200868987,True,1.6320312601415445
0.1,1,0.20068432998959906,True,1.9130269950922545
0.1,1.2,0.09963879000861198,True,2.1641374927508332
0.1,1.2,16.146229061996564,False,inf
0.1,1.2,16.1836287920014,False,inf
0.1,1.2,0.05282130799605511,True,1.868391393448863
0.1,1.2,0.059538272995268926,True,1.5650756739900913
0.2,0.8,14.406996392994188,False,inf
0.2,0.8,13.869493962003617,False,inf
0.2,0.8,1.4593368789937813,True,1.5563973581054145
0.2,0.8,0.03974948197719641,True,1.2645589714184013
0.2,0.8,4.722960143990349,True,1.3488492202005202
0.2,1,14.52604758698726,False,inf
0.2,1,0.046924715978093445,True,2.250144119822538
0.2,1,0.07161564999842085,True,1.4017952027799518
0.2,1,0.04679884799406864,True,1.770688417333368
0.2,1,0.36264453301555477,True,2.0189581362049207
0.2,1.2,0.1485576499835588,True,2.219180125313176
0.2,1.2,0.04432735498994589,True,1.1369826327009311
0.2,1.2,14.097868443001062,False,inf
0.2,1.2,13.892381725017913,False,inf
0.2,1.2,0.05159701997763477,True,1.4546644588590028
0.1,0.8,0.3953408699890133,True,1.4448601409844348
0.1,0.8,2.166504469991196,True,1.5926973317037516
0.1,0.8,15.42872961901594,False,inf
0.1,0.8,0.8523625009984244,True,3.134276750138631
0.1,0.8,0.11890778597444296,True,1.2125747106612463
0.1,1,0.36697028801427223,True,5.017304734816844
0.1,1,1.8758583730086684,True,1.5637756850694158
0.1,1,5.856468304002192,True,2.794843918673861
0.1,1,0.07688854201114736,True,1.300112440257624
0.1,1,0.036113559996010736,True,1.7310368276537706
0.1,1.2,0.5425326810218394,True,5.074010565147702
0.1,1.2,0.06652451498666778,True,2.2043535662333205
0.1,1.2,2.1984068749879953,True,2.4602826396595794
0.1,1.2,0.0684586749994196,True,1.5529696777741864
0.1,1.2,0.13031568698352203,True,3.4343573281563162
0.2,0.8,2.3351029659970663,True,4.3818963949021645
0.2,0.8,13.146293411991792,False,inf
0.2,0.8,13.809707476990297,False,inf
0.2,0.8,0.35540623802808113,True,1.6072779133581792
0.2,0.8,14.52356117599993,False,inf
0.2,1,0.04100283401203342,True,1.4899356624824047
0.2,1,0.04563800699543208,True,1.5147917653218097
0.2,1,3.5053081799997017,True,2.1896320528884683
0.2,1,14.116269307996845,False,inf
0.2,1,0.045130507001886144,True,1.401249772938002
0.2,1.2,12.279264753015013,True,1.290688265685036
0.2,1.2,3.839346018998185,True,1.5416375857209625
0.2,1.2,9.177356880012667,True,1.6422307668179021
0.2,1.2,9.508745244005695,True,1.2074021947723608
0.2,1.2,10.485956362012075,True,2.2310632389799343
0.1,0.8,0.057740543998079374,True,1.8363787491918928
0.1,0.8,17.049926707986742,False,inf
0.1,0.8,0.4857346650096588,True,2.9915223070347796
0.1,0.8,0.06121583399362862,True,1.5122382677405477
0.1,0.8,2.548847908998141,True,2.167375493666615
0.1,1,4.9117165799834765,True,1.1058313265946633
0.1,1,0.08916112102451734,True,1.8772293375974547
0.1,1,14.531634634011425,False,inf
0.1,1,15.580558969988488,False,inf
0.1,1,0.2209903440088965,True,2.976498614224086
0.1,1.2,0.2226341030036565,True,1.9094968093921472
0.1,1.2,0.048727951012551785,True,1.6726353880692684
0.1,1.2,16.53513905199361,False,inf
0.1,1.2,0.059439937002025545,True,1.9986709654205712
0.1,1.2,0.14225003801402636,True,2.3644366993879045
0.2,0.8,0.04573999301646836,True,1.9231500986345673
0.2,0.8,0.04644205601653084,True,2.0529460996313045
0.2,0.8,0.062311374000273645,True,1.963178552448749
0.2,0.8,14.114834197011078,False,inf
0.2,0.8,0.0723989550024271,True,1.2476233758086521
0.2,1,0.25252763301250525,True,2.1116452791342466
0.2,1,0.031865975994151086,True,1.52216360927396
0.2,1,13.994923830992775,False,inf
0.2,1,0.12506059199222364,True,1.2644716356499544
0.2,1,0.8801821770030074,True,3.262210781831977
0.2,1.2,6.077676515007624,True,1.8482853443569907
0.2,1.2,14.141813715017634,True,1.5713128221339736
0.2,1.2,0.07665748699218966,True,1.8460210612581593
0.2,1.2,0.1676234439946711,True,1.6825427949459493
0.2,1.2,13.701802143012173,True,1.6622978593924853
0.1,0.8,15.456910633016378,False,inf
0.1,0.8,0.05628052799147554,True,1.3365017591597927
0.1,0.8,0.016785788990091532,True,1.141852811164821
0.1,0.8,0.600065281993011,True,3.0556928777550576
0.1,0.8,0.04902245101402514,True,1.868774590307873
0.1,1,5.504208284983179,True,2.709642164680792
0.1,1,0.0688330740085803,True,1.9765010865922403
0.1,1,0.11237200099276379,True,1.02014158844896
0.1,1,0.05595613000332378,True,1.2544466014744329
0.1,1,0.11366716001066379,True,2.595421294286016
0.1,1.2,4.243263687007129,True,4.096091524173665
0.1,1.2,2.0046438770077657,True,1.5149517478194796
0.1,1.2,15.66996286099311,False,inf
0.1,1.2,9.459434119024081,True,2.097709596565637
0.1,1.2,0.010743931983597577,True,1.0595333460185234
0.2,0.8,0.0474070550117176,True,1.6686500073533521
0.2,0.8,13.254186581994873,False,inf
0.2,0.8,13.715214563009795,False,inf
0.2,0.8,0.27563755100709386,True,2.4668088738344545
0.2,0.8,3.174008486996172,True,2.4820168256386395
0.2,1,2.843498308007838,True,2.1154837731883
0.2,1,0.04305575499893166,True,1.8961718786836985
0.2,1,0.04892219198518433,True,1.4749463654825161
0.2,1,0.05981273498036899,True,1.8675192980542108
0.2,1,0.039121684996644035,True,1.3903798434697443
0.2,1.2,0.04224325600080192,True,2.088482794026876
0.2,1.2,0.03777127500507049,True,2.0354322264878895
0.2,1.2,9.509967674996005,True,2.7428848502010372
0.2,1.2,3.5816180310212076,True,1.960183317108776
0.2,1.2,0.03281170502305031,True,2.067306311548049
0.1,0.8,0.04962374200113118,True,1.5074125630523292
0.1,0.8,5.79603110201424,True,3.131527210092656
0.1,0.8,5.421599276014604,True,1.8065427461457706
0.1,0.8,15.214903751999373,False,inf
0.1,0.8,14.590151632990455,False,inf
0.1,1,0.10412741199252196,True,1.864275807947185
0.1,1,0.0664649739919696,True,1.4284836433341337
0.1,1,0.028434924024622887,True,1.5863996486418381
0.1,1,1.1649832839902956,True,2.983012667243011
0.1,1,3.0204950439801905,True,1.609191195040368
0.1,1.2,0.16255990200443193,True,3.126555428171411
0.1,1.2,15.805073432973586,False,inf
0.1,1.2,2.9988104829972144,True,2.856976863970394
0.1,1.2,16.452768012997694,False,inf
0.1,1.2,15.03702090898878,False,inf
0.2,0.8,0.09380173799581826,True,1.48021189290241
0.2,0.8,0.03739085901179351,True,1.957404079758426
0.2,0.8,13.611902944976464,False,inf
0.2,0.8,14.231489174999297,False,inf
0.2,0.8,14.219644900993444,False,inf
0.2,1,1.6645255710172933,True,3.063853802941978
0.2,1,0.15224274501088075,True,1.7574038411556983
0.2,1,0.025573795021045953,True,1.353530300121358
0.2,1,14.091118617012398,False,inf
0.2,1,14.455674338998506,False,inf
0.2,1.2,8.996786640986102,True,3.3718533592374476
0.2,1.2,13.680028005997883,False,inf
0.2,1.2,0.024254435003967956,True,1.4910933647832876
0.2,1.2,13.672863207990304,False,inf
0.2,1.2,5.296906225994462,True,1.2786386815573576
0.1,0.8,15.723109312006272,False,inf
0.1,0.8,0.13061364900204353,True,1.1864477847165584
0.1,0.8,0.11378438799874857,True,1.3749099640616504
0.1,0.8,16.200665219017537,False,inf
0.1,0.8,0.07590619500842877,True,1.9034685279571817
0.1,1,0.07344891401589848,True,2.4311026396190254
0.1,1,0.057265376002760604,True,2.2502350047750017
0.1,1,2.3099128710164223,True,3.368305424058511
0.1,1,0.8946221139922272,True,1.9542325768918174
0.1,1,15.391102230001707,False,inf
0.1,1.2,0.037194761011051014,True,1.5740961776255022
0.1,1.2,0.5452910120075103,True,2.9239613089825895
0.1,1.2,3.3306369589990936,True,1.8013712618589564
0.1,1.2,5.128244983992772,True,2.3376461613848134
0.1,1.2,0.7485374899988528,True,4.138844669651024
0.2,0.8,14.518900970026152,False,inf
0.2,0.8,13.990148751006927,False,inf
0.2,0.8,13.4516506990185,False,inf
0.2,0.8,0.028745749994413927,True,1.2120218239745613
0.2,0.8,0.9360805919859558,True,2.0242239748019886
0.2,1,0.037202378996880725,True,1.3843322729895702
0.2,1,15.304433536017314,False,inf
0.2,1,0.03831776601145975,True,1.7570864781461129
0.2,1,0.056149734009522945,True,1.3992583924914916
0.2,1,14.406731978000607,False,inf
0.2,1.2,0.06621849400107749,True,1.60967455970996
0.2,1.2,0.08225157999549992,True,1.5545554106255473
0.2,1.2,0.5623927490087226,True,3.591461461872206
0.2,1.2,0.02784566901391372,True,1.0836950247666466
0.2,1.2,2.6784997200011276,True,2.6674131493865194
0.1,0.8,0.08854292999603786,True,1.764203202678016
0.1,0.8,4.628186979010934,True,5.287552997773782
0.1,0.8,0.0412370279955212,True,1.5766564668941623
0.1,0.8,0.04673982199165039,True,2.1642698501709745
0.1,0.8,0.04329174099257216,True,1.1345322912718976
0.1,1,0.05808267800603062,True,1.3562186725547511
0.1,1,11.059976528020343,True,1.6853929808912531
0.1,1,15.043688003002899,False,inf
0.1,1,16.10870141698979,True,2.0106395096913245
0.1,1,3.148341716005234,True,1.4170102635519963
0.1,1.2,11.229933376976987,True,1.8092823059353251
0.1,1.2,2.045592430018587,True,2.653523377628257
0.1,1.2,5.724093815981178,True,1.3652407955633359
0.1,1.2,0.23510285202064551,True,2.9808038779485098
0.1,1.2,0.1167913600220345,True,2.039255548579256
0.2,0.8,0.3757376270077657,True,3.135083858190216
0.2,0.8,0.0429640130023472,True,1.769959341331975
0.2,0.8,15.050358745007543,False,inf
0.2,0.8,14.728787268017186,False,inf
0.2,0.8,11.744783086993266,True,1.7348293618899058
0.2,1,0.06078522701864131,True,1.9198725589499588
0.2,1,14.547617014002753,False,inf
0.2,1,14.19287063498632,False,inf
0.2,1,0.8879583489906508,True,3.0076746512150407
0.2,1,0.07226931399782188,True,2.343725907814697
0.2,1.2,0.40819945398834534,True,2.7902205792320607
0.2,1.2,0.2174356110044755,True,2.1186759814892038
0.2,1.2,0.07977618099539541,True,1.7715022020008888
0.2,1.2,4.532250179996481,True,2.7247321451342286
0.2,1.2,0.032580458995653316,True,1.5980465557219912
0.1,0.8,15.56767130602384,False,inf
0.1,0.8,0.6026526129862759,True,3.2427668675463113
0.1,0.8,0.049762287992052734,True,1.5197821122567408
0.1,0.8,0.05210599399288185,True,1.481893273287734
0.1,0.8,12.383903750014724,True,2.229836231543954
0.1,1,16.312357057991903,False,inf
0.1,1,0.15339353599119931,True,3.0878727146799885
0.1,1,1.0530088949890342,True,2.978344500098146
0.1,1,16.222595346014714,False,inf
0.1,1,0.8895294420071878,True,2.0726850865606
0.1,1.2,15.589459740993334,False,inf
0.1,1.2,0.17877666698768735,True,2.4560135767023104
0.1,1.2,0.23708988502039574,True,1.3628044437972973
0.1,1.2,0.10632892698049545,True,1.7151081376305015
0.1,1.2,2.7790989270142745,True,3.300975986086038
0.2,0.8,13.555918598984135,False,inf
0.2,0.8,0.034730243001831695,True,1.3839057776833936
0.2,0.8,7.636963060009293,True,2.5358798227541555
0.2,0.8,14.217098239983898,False,inf
0.2,0.8,1.1269691739871632,True,2.225265704047762
0.2,1,4.284082837984897,True,3.09336188498429
0.2,1,0.06009391800034791,True,2.191907763837577
0.2,1,15.1813174939889,False,inf
0.2,1,0.038250860990956426,True,1.6051962736604308
0.2,1,0.029644038004335016,True,1.4232885327459806
0.2,1.2,7.699299210013123,True,1.901918075199831
0.2,1.2,0.47005824401276186,True,2.539779601418563
0.2,1.2,1.0494833720149472,True,3.4543765855880633
0.2,1.2,1.8260532550048083,True,3.088726820304142
0.2,1.2,0.2916818409867119,True,3.0190306235695434
0.1,0.8,15.7204204039881,False,inf
0.1,0.8,14.889676819992019,False,inf
0.1,0.8,0.13252136300434358,True,1.7651675678310152
0.1,0.8,0.04449867599760182,True,2.010694640799606
0.1,0.8,0.4939519789768383,True,2.802027884369674
0.1,1,2.861099859001115,True,1.7076982865118857
0.1,1,0.10504996599047445,True,2.40614256291119
0.1,1,0.05411441798787564,True,1.4690615762809065
0.1,1,15.659229601995321,False,inf
0.1,1,0.12722523100092076,True,2.5551068338212106
0.1,1.2,0.5266138739825692,True,3.2718526669838632
0.1,1.2,0.07177749599213712,True,1.727850175962098
0.1,1.2,7.14910453997436,True,2.1416109238884156
0.1,1.2,0.24992092497996055,True,3.097013739674481
0.1,1.2,0.14107735300785862,True,2.705087157546576
0.2,0.8,0.11507096400600858,True,2.416687214773924
0.2,0.8,13.380196727986913,False,inf
0.2,0.8,0.03789317200426012,True,1.773597283663072
0.2,0.8,0.03158139999140985,True,1.1688895494435947
0.2,0.8,0.29652296999120153,True,2.394676422630712
